[
  {
        "question": "Какой элемент периодической таблицы обозначается символом 'Fe'?",
        "options": ["Фтор", "Феррум (Железо)", "Фосфор", "Франций"],
        "correct_index": 1
    },
    {
        "question": "Кто написал роман 'Мастер и Маргарита'?",
        "options": ["Фёдор Достоевский", "Александр Пушкин", "Михаил Булгаков", "Лев Толстой"],
        "correct_index": 2
    },
    {
        "question": "Сколько градусов в полном круге?",
        "options": ["180", "360", "90", "720"],
        "correct_index": 1
    },
    {
        "question": "Как называется столица Канады?",
        "options": ["Оттава", "Торонто", "Монреаль", "Ванкувер"],
        "correct_index": 0
    },
    {
        "question": "Какой океан самый большой по площади?",
        "options": ["Атлантический", "Северный Ледовитый", "Тихий", "Индийский"],
        "correct_index": 2
    },
    {
        "question": "Какой день недели является первым по традиционному христианскому календарю?",
        "options": ["Понедельник", "Воскресенье", "Среда", "Четверг"],
        "correct_index": 1
    },
    {
        "question": "Какая религия возникла в Индии и имеет концепцию реинкарнации?",
        "options": ["Буддизм", "Индуизм", "Ислам", "Христианство"],
        "correct_index": 1
    },
    {
        "question": "Сколько книг в христианском Ветхом Завете?",
        "options": ["39", "27", "66", "40"],
        "correct_index": 0
    },
    {
        "question": "Кто был первым президентом США?",
        "options": ["Авраам Линкольн", "Томас Джефферсон", "Джордж Вашингтон", "Бенджамин Франклин"],
        "correct_index": 2
    },
    {
        "question": "Кто написал 'Убийство в Восточном экспрессе'?",
        "options": ["Лев Толстой", "Михаил Булгаков", "Агата Кристи", "Жюль Верн"],
        "correct_index": 2
    },
    {
        "question": "Какой химический элемент используется для изготовления современных аккумуляторов?",
        "options": ["Литий", "Калий", "Натрий", "Магний"],
        "correct_index": 0
    },
    {
        "question": "Кто был первым человеком, побывавшим в космосе?",
        "options": ["Юрий Гагарин", "Нил Армстронг", "Валентина Терешкова", "Алексей Леонов"],
        "correct_index": 0
    },
    {
        "question": "Как называется главный храм в православной религии?",
        "options": ["Мечеть", "Храм", "Синагога", "Церковь"],
        "correct_index": 3
    },
    {
        "question": "В каком году произошел Крещение Руси?",
        "options": ["955", "980", "1015", "1054"],
        "correct_index": 1
    },
    {
        "question": "Какой континент считается родиной первых человеческих цивилизаций?",
        "options": ["Азия", "Африка", "Европа", "Америка"],
        "correct_index": 1
    },
    {
        "question": "Какая страна была первой, достигшей независимости от Великобритании?",
        "options": ["Канада", "США", "Австралия", "Индия"],
        "correct_index": 1
    },
    {
        "question": "Какая планета самая большая в Солнечной системе?",
        "options": ["Земля", "Юпитер", "Сатурн", "Марс"],
        "correct_index": 1
    },
    {
        "question": "Какой из этих художников написал 'Мона Лиза'?",
        "options": ["Винсент Ван Гог", "Леонардо да Винчи", "Клод Моне", "Рафаэль"],
        "correct_index": 1
    },
    {
        "question": "Как называется химический элемент, используемый в атомных электростанциях для ядерного деления?",
        "options": ["Уран", "Водород", "Азот", "Медь"],
        "correct_index": 0
    },
    {
        "question": "Какая страна не является частью Евросоюза?",
        "options": ["Швейцария", "Германия", "Франция", "Италия"],
        "correct_index": 0
    },
    {
        "question": "Какой океан является самым глубоким?",
        "options": ["Атлантический", "Северный Ледовитый", "Индийский", "Тихий"],
        "correct_index": 3
    },
    {
        "question": "Кто написал 'Гарри Поттера'?",
        "options": ["Дж. Р. Р. Толкин", "Дж. К. Роулинг", "Стивен Кинг", "Френсис Скотт Фицджеральд"],
        "correct_index": 1
    },
    {
        "question": "В какой стране расположен город Мачу-Пикчу?",
        "options": ["Мексика", "Аргентина", "Перу", "Чили"],
        "correct_index": 2
    },
    {
        "question": "Как называется самая высокая гора на Земле?",
        "options": ["Гималаи", "Эверест", "Килиманджаро", "Фудзи"],
        "correct_index": 1
    },
    {
        "question": "Какой автор написал книгу '1984'?",
        "options": ["Джордж Оруэлл", "Уильям Шекспир", "Федор Достоевский", "Чак Паланик"],
        "correct_index": 0
    },
    {
        "question": "Как называется самый длинный река в мире?",
        "options": ["Амазонка", "Нил", "Ганг", "Миссисипи"],
        "correct_index": 0
    },
    {

        "question": "Какая планета самая близкая к Солнцу?",
        "options": ["Меркурий", "Венера", "Земля", "Марс"],
        "correct_index": 0
    },
    {
        "question": "Какое из этих животных является млекопитающим?",
        "options": ["Акула", "Крокодил", "Кенгуру", "Лягушка"],
        "correct_index": 2
    },
    {
        "question": "Какая река является самой длинной в России?",
        "options": ["Волга", "Енисей", "Лена", "Амур"],
        "correct_index": 0
    },
    {
        "question": "Кто был последним императором Российской Империи?",
        "options": ["Николай I", "Николай II", "Петр II", "Александр III"],
        "correct_index": 1
    },
    {
        "question": "Как называется самая глубокая точка Мирового океана?",
        "options": ["Марианская впадина", "Голубая дыра", "Бермудский треугольник", "Океанская котловина"],
        "correct_index": 0
    },
    {
        "question": "В каком году был основан Рим?",
        "options": ["753 до н.э.", "500 до н.э.", "100 до н.э.", "1 н.э."],
        "correct_index": 0
    },
    {
        "question": "Какой химический элемент символизируется буквой 'O'?",
        "options": ["Азот", "Кислород", "Водород", "Карбон"],
        "correct_index": 1
    },
    {
        "question": "Какой ученый сформулировал закон всемирного тяготения?",
        "options": ["Никола Тесла", "Галилео Галилей", "Исаак Ньютон", "Альберт Эйнштейн"],
        "correct_index": 2
    },
    {
        "question": "Какое из этих событий произошло первым?",
        "options": ["Первая мировая война", "Великая депрессия", "Вторая мировая война", "Русская революция"],
        "correct_index": 3
    },
    {
        "question": "Какая из этих стран имеет самый большой по площади остров?",
        "options": ["Канада", "Россия", "Австралия", "США"],
        "correct_index": 1
    },
    {
        "question": "Что такое фотосинтез?",
        "options": ["Процесс дыхания растений", "Процесс синтеза белков", "Процесс превращения углекислого газа в кислород", "Процесс пищеварения в растениях"],
        "correct_index": 2
    },
    {
        "question": "Кто был первым человеком на Луне?",
        "options": ["Юрий Гагарин", "Нил Армстронг", "Алексей Леонов", "Чарльз Басс"],
        "correct_index": 1
    },
    {
        "question": "Какая страна является родиной олимпийских игр?",
        "options": ["Греция", "Италия", "Египет", "Турция"],
        "correct_index": 0
    },
    {
        "question": "Как называется планета, на которой существует жизнь?",
        "options": ["Марс", "Земля", "Венера", "Юпитер"],
        "correct_index": 1
    },
    {
        "question": "Какое государство первым стало мировым лидером по добыче нефти?",
        "options": ["США", "Россия", "Саудовская Аравия", "Иран"],
        "correct_index": 2
    },
    {
        "question": "В каком городе расположено одно из чудес света - Пирамида Хеопса?",
        "options": ["Каир", "Луксор", "Турин", "Дели"],
        "correct_index": 0
    },
    {
        "question": "Какая из этих птиц не может летать?",
        "options": ["Пингвин", "Голубь", "Орёл", "Воробей"],
        "correct_index": 0
    },
    {
        "question": "Что изучает наука астрономия?",
        "options": ["Звезды и планеты", "Молекулы и атомы", "Животных и растения", "Физические явления"],
        "correct_index": 0
    },
    {
        "question": "Что из следующего является результатом химической реакции?",
        "options": ["Кипение воды", "Гниение дерева", "Заваривание чая", "Испарение спирта"],
        "correct_index": 1
    },
    {
        "question": "Какой тип энергии используется в солнечных панелях?",
        "options": ["Механическая", "Электрическая", "Солнечная", "Тепловая"],
        "correct_index": 2
    },
    {
        "question": "Какая из этих планет имеет кольца?",
        "options": ["Марс", "Юпитер", "Сатурн", "Венера"],
        "correct_index": 2
    },
    {
        "question": "Как называется столица Франции?",
        "options": ["Мадрид", "Лондон", "Париж", "Берлин"],
        "correct_index": 2
    },
    {
        "question": "Какой металл является самым тяжелым по плотности?",
        "options": ["Золото", "Платина", "Радий", "Олово"],
        "correct_index": 2
    },
    {
        "question": "Кто открыл закон всемирного тяготения?",
        "options": ["Галилео Галилей", "Исаак Ньютон", "Никола Тесла", "Альберт Эйнштейн"],
        "correct_index": 1
    },
    {
        "question": "Как называется самый большой остров в мире?",
        "options": ["Гренландия", "Новая Гвинея", "Британские острова", "Исландия"],
        "correct_index": 0
    },
    {
        "question": "Какая страна считается родиной футбола?",
        "options": ["Франция", "Италия", "Бразилия", "Англия"],
        "correct_index": 3
    },
    {
        "question": "Кто написал 'Гарри Поттер'?",
        "options": ["Дж. Р. Р. Толкин", "Дж. К. Роулинг", "Стивен Кинг", "Фрэнсис Скотт Фицджеральд"],
        "correct_index": 1
    },
    {
        "question": "В какой стране был изобретен компас?",
        "options": ["Китай", "Греция", "Египет", "Рим"],
        "correct_index": 0
    },
    {
        "question": "Какой химический элемент символизируется буквой 'H'?",
        "options": ["Гелий", "Водород", "Гермий", "Гафний"],
        "correct_index": 1
    },
    {
        "question": "В каком году закончилась Вторая мировая война?",
        "options": ["1941", "1944", "1945", "1949"],
        "correct_index": 2
    },
    {
        "question": "Какая птица является символом мира?",
        "options": ["Голубь", "Орёл", "Сова", "Курица"],
        "correct_index": 0
    },
    {
        "question": "Кто был первым человеком на Луне?",
        "options": ["Юрий Гагарин", "Нил Армстронг", "Валентина Терешкова", "Чарльз Басс"],
        "correct_index": 1
    },
    {
        "question": "Какая планета в Солнечной системе самая маленькая?",
        "options": ["Марс", "Меркурий", "Земля", "Венера"],
        "correct_index": 1
    },
    {
        "question": "Какой орган в человеческом организме отвечает за фильтрацию крови?",
        "options": ["Печень", "Сердце", "Легкие", "Почки"],
        "correct_index": 3
    },
    {
        "question": "Какое животное является самым быстрым на земле?",
        "options": ["Гепард", "Лев", "Тигр", "Скорпион"],
        "correct_index": 0
    },
    {
        "question": "Какой фильм стал первым в истории, собравшим более миллиарда долларов в мировом прокате?",
        "options": ["Титаник", "Аватар", "Звездные войны: Пробуждение силы", "Мстители: Война бесконечности"],
        "correct_index": 0
    },
    {
        "question": "Кто из этих ученых придумал теорию относительности?",
        "options": ["Никола Тесла", "Альберт Эйнштейн", "Исаак Ньютон", "Галилео Галилей"],
        "correct_index": 1
    },
    {
        "question": "Какая планета в Солнечной системе имеет красный цвет?",
        "options": ["Земля", "Марс", "Юпитер", "Сатурн"],
        "correct_index": 1
    },
    {
        "question": "Какая страна является родиной чайной культуры?",
        "options": ["Япония", "Индия", "Китай", "Шри-Ланка"],
        "correct_index": 2
    },
    {
        "question": "Как называется самый быстрый наземный транспорт?",
        "options": ["Автомобиль", "Трамвай", "Поезд", "Скоростной поезд"],
        "correct_index": 3
    },
    {
        "question": "Какая из этих стран не является частью ООН?",
        "options": ["Южный Судан", "Тайвань", "Канада", "Япония"],
        "correct_index": 1
    },
    {
        "question": "Какой океан омывает побережье Австралии?",
        "options": ["Тихий", "Индийский", "Атлантический", "Южный"],
        "correct_index": 0
    },
    {
        "question": "Как называется столица Японии?",
        "options": ["Осака", "Киото", "Токио", "Нагасаки"],
        "correct_index": 2
    },
    {
        "question": "Какой вид энергии используется в солнечных панелях?",
        "options": ["Геотермальная", "Солнечная", "Ветровая", "Ядерная"],
        "correct_index": 1
    },
    {
        "question": "Какой химический элемент обозначается символом 'Na'?",
        "options": ["Натрий", "Никель", "Азот", "Магний"],
        "correct_index": 0
    },
    {
        "question": "Какой из этих городов не является столицей?",
        "options": ["Париж", "Берлин", "Мюнхен", "Москва"],
        "correct_index": 2
    },
    {
        "question": "Какая страна является родиной олимпийских игр?",
        "options": ["Греция", "Франция", "Япония", "Италия"],
        "correct_index": 0
    },
    {
        "question": "Как называется первая женщина в космосе?",
        "options": ["Валентина Терешкова", "Салли Райд", "Юрий Гагарина", "Мария Кюри"],
        "correct_index": 0
    },
    {
        "question": "Что такое фотосинтез?",
        "options": ["Процесс питания растения", "Процесс дыхания растений", "Процесс роста растения", "Процесс преобразования солнечной энергии в химическую"],
        "correct_index": 3
    },
    {
        "question": "Какой химический элемент является основным компонентом воды?",
        "options": ["Гелий", "Водород", "Азот", "Кислород"],
        "correct_index": 1
    },
    {
        "question": "Как называется самая большая пустыня на Земле?",
        "options": ["Сахара", "Атакама", "Гоби", "Антарктическая"],
        "correct_index": 3
    },
    {
        "question": "Какая планета является самой горячей в Солнечной системе?",
        "options": ["Меркурий", "Венера", "Марс", "Юпитер"],
        "correct_index": 1
    },
    {
        "question": "Какой элемент на таблице Менделеева обозначается как 'O'?",
        "options": ["Азот", "Кислород", "Фтор", "Водород"],
        "correct_index": 1
    },
    {
        "question": "Какая из этих стран находится в Южной Америке?",
        "options": ["Испания", "Бразилия", "Австралия", "Италия"],
        "correct_index": 1
    },
    {
        "question": "Какая страна является родиной дзюдо?",
        "options": ["Китай", "Япония", "Корейская Республика", "Россия"],
        "correct_index": 1
    },
    {
        "question": "Какой океан является самым маленьким?",
        "options": ["Атлантический", "Тихий", "Индийский", "Северный Ледовитый"],
        "correct_index": 3
    },
    {
        "question": "Какой математический символ означает сложение?",
        "options": ["*", "+", "-", "="],
        "correct_index": 1
    },
    {
        "question": "Какое государство первым посадило человека на Луну?",
        "options": ["СССР", "США", "Индия", "Китай"],
        "correct_index": 1
    },
    {
        "question": "Какое число считается первым простым числом?",
        "options": ["0", "1", "2", "3"],
        "correct_index": 2
    },
    {

        "question": "Какой цвет считается символом мира?",
        "options": ["Красный", "Зелёный", "Белый", "Синий"],
        "correct_index": 2
    },
    {
        "question": "Какой океан омывает побережье США?",
        "options": ["Тихий", "Индийский", "Атлантический", "Северный Ледовитый"],
        "correct_index": 0
    },
    {
        "question": "Какая страна является родиной пиццы?",
        "options": ["Франция", "Италия", "Греция", "Испания"],
        "correct_index": 1
    },
    {
        "question": "Как называется наука о живых организмах?",
        "options": ["Астрономия", "Биология", "Физика", "Химия"],
        "correct_index": 1
    },
    {
        "question": "Какая страна не является частью Европейского Союза?",
        "options": ["Франция", "Германия", "Швейцария", "Испания"],
        "correct_index": 2
    },
    {
        "question": "Какая птица символизирует свободу?",
        "options": ["Голубь", "Орёл", "Сова", "Воробей"],
        "correct_index": 1
    },
    {
        "question": "Какой тип музыки родился в США?",
        "options": ["Рок", "Джаз", "Классическая музыка", "Поп"],
        "correct_index": 1
    },
    {
        "question": "Какое животное является символом Австралии?",
        "options": ["Кенгуру", "Лев", "Тигр", "Слон"],
        "correct_index": 0
    },
    {
        "question": "Как называется самый длинный мост в мире?",
        "options": ["Золотые ворота", "Даляньский мост", "Понт-Неф", "Чунцинский мост"],
        "correct_index": 1
    },
    {
        "question": "Какое море омывает побережье Египта?",
        "options": ["Черное", "Средиземное", "Красное", "Балтийское"],
        "correct_index": 2
    },
    {
        "question": "Какой орган в теле человека отвечает за дыхание?",
        "options": ["Сердце", "Легкие", "Почки", "Мозг"],
        "correct_index": 1
    },
    {
        "question": "Какой химический элемент обозначается символом 'Cl'?",
        "options": ["Калий", "Хлор", "Азот", "Кислород"],
        "correct_index": 1
    },
    {
        "question": "Какая страна родина олимпийских игр?",
        "options": ["Греция", "Франция", "Италия", "Япония"],
        "correct_index": 0
    },
    {
        "question": "Как называется орган в организме человека, который помогает переваривать пищу?",
        "options": ["Печень", "Желудок", "Мозг", "Почки"],
        "correct_index": 1
    },
    {
        "question": "Кто из этих ученых создал теорию относительности?",
        "options": ["Никола Тесла", "Альберт Эйнштейн", "Галилео Галилей", "Исаак Ньютон"],
        "correct_index": 1
    },
    {
        "question": "Какая планета в Солнечной системе известна как 'красная планета'?",
        "options": ["Марс", "Юпитер", "Венера", "Земля"],
        "correct_index": 0
    },
    {
        "question": "Какая из этих стран находится в Южной Америке?",
        "options": ["Франция", "Германия", "Бразилия", "Канада"],
        "correct_index": 2
    },
    {
        "question": "Какой газ необходим для дыхания человека?",
        "options": ["Азот", "Кислород", "Углекислый газ", "Аргон"],
        "correct_index": 1
    },
    {
        "question": "Какая из этих книг была написана Джейн Остин?",
        "options": ["Гордость и предубеждение", "Грозовой перевал", "Убийство в Восточном экспрессе", "1984"],
        "correct_index": 0
    },
    {
        "question": "Какая из этих стран не имеет выхода к морю?",
        "options": ["Чехия", "Испания", "Греция", "Италия"],
        "correct_index": 0
    },
    {
        "question": "Какой химический элемент обозначается символом 'Na'?",
        "options": ["Натрий", "Никель", "Азот", "Магний"],
        "correct_index": 0
    },
    {
        "question": "Какой город является столицей Германии?",
        "options": ["Мюнхен", "Берлин", "Кельн", "Гамбург"],
        "correct_index": 1
    },
    {
        "question": "Какой химический элемент использовался для создания первых атомных бомб?",
        "options": ["Уран", "Платина", "Никель", "Гелий"],
        "correct_index": 0
    },
    {
        "question": "Как называется самая крупная пустыня на Земле?",
        "options": ["Сахара", "Антарктическая пустыня", "Атакама", "Гоби"],
        "correct_index": 1
    },
    {
        "question": "Какая из этих птиц не может летать?",
        "options": ["Голубь", "Пингвин", "Сова", "Орёл"],
        "correct_index": 1
    },
    {
        "question": "Какой язык является официальным в Бразилии?",
        "options": ["Испанский", "Португальский", "Французский", "Итальянский"],
        "correct_index": 1
    },
    {
        "question": "Какая страна производит больше всего автомобилей в мире?",
        "options": ["США", "Китай", "Япония", "Германия"],
        "correct_index": 1
    },
    {
        "question": "Кто является автором картины 'Звёздная ночь'?",
        "options": ["Винсент Ван Гог", "Клод Моне", "Пабло Пикассо", "Рембрандт"],
        "correct_index": 0
    },
    {
        "question": "Какой океан находится между Австралией и Южной Америкой?",
        "options": ["Атлантический", "Индийский", "Тихий", "Южный"],
        "correct_index": 2
    },
    {
        "question": "Какой из этих городов является столицей Китая?",
        "options": ["Шанхай", "Гуанчжоу", "Пекин", "Чэнду"],
        "correct_index": 2
    },
    {
        "question": "Какой орган в теле человека отвечает за циркуляцию крови?",
        "options": ["Сердце", "Печень", "Легкие", "Почки"],
        "correct_index": 0
    },
    {
        "question": "Как называется химический процесс, при котором растения используют солнечный свет для получения энергии?",
        "options": ["Фотосинтез", "Респирация", "Химический синтез", "Фотолиз"],
        "correct_index": 0
    },
    {
        "question": "Какая страна считается родиной Олимпийских игр?",
        "options": ["Греция", "Италия", "США", "Франция"],
        "correct_index": 0
    },
    {
        "question": "Что из следующего является основным компонентом воздуха?",
        "options": ["Азот", "Кислород", "Водород", "Углекислый газ"],
        "correct_index": 0
    },
    {
        "question": "Какая планета была названа в честь римского бога войны?",
        "options": ["Юпитер", "Марс", "Венера", "Земля"],
        "correct_index": 1
    },
    {
        "question": "Какая страна является родиной чая?",
        "options": ["Китай", "Индия", "Япония", "Шри-Ланка"],
        "correct_index": 0
    },
    {
        "question": "Какой язык является официальным в Египте?",
        "options": ["Арабский", "Французский", "Английский", "Турецкий"],
        "correct_index": 0
    },
    {
        "question": "Какая страна является родиной самураев?",
        "options": ["Китай", "Япония", "Южная Корея", "Индия"],
        "correct_index": 1
    },
    {
        "question": "Какой химический элемент обозначается символом 'H'?",
        "options": ["Гелий", "Водород", "Гермий", "Гафний"],
        "correct_index": 1
    },
    {
        "question": "Какое животное является символом Канады?",
        "options": ["Лось", "Олень", "Койот", "Бобёр"],
        "correct_index": 3
    },
    {
        "question": "Какой химический элемент обозначается символом 'Ca'?",
        "options": ["Кальций", "Калий", "Хлор", "Магний"],
        "correct_index": 0
    },
    {
        "question": "Какая из этих планет самая большая по размеру?",
        "options": ["Юпитер", "Земля", "Сатурн", "Марс"],
        "correct_index": 0
    },
    {
        "question": "Какой ученый сформулировал закон гравитации?",
        "options": ["Галилео Галилей", "Исаак Ньютон", "Альберт Эйнштейн", "Никола Тесла"],
        "correct_index": 1
    },
    {
        "question": "Какое из этих животных не является млекопитающим?",
        "options": ["Дельфин", "Кит", "Тюлень", "Крокодил"],
        "correct_index": 3
    },
    {
        "question": "Как называется процесс, в котором растения преобразуют солнечный свет в энергию?",
        "options": ["Химический процесс", "Респирация", "Фотосинтез", "Перегрев"],
        "correct_index": 2
    },
    {
        "question": "Как называется столица Австралии?",
        "options": ["Сидней", "Мельбурн", "Канберра", "Перт"],
        "correct_index": 2
    },
    {
        "question": "Какая страна является родиной олимпийских игр?",
        "options": ["Греция", "Франция", "Италия", "Япония"],
        "correct_index": 0
    },
    {
        "question": "Какой металл используется в аккумуляторах мобильных телефонов?",
        "options": ["Литий", "Кобальт", "Никель", "Свинец"],
        "correct_index": 0
    },
    {
        "question": "Какая страна является родиной Венецианского карнавала?",
        "options": ["Испания", "Италия", "Франция", "Германия"],
        "correct_index": 1
    },
    {
        "question": "Какое из этих морей является самым мелким?",
        "options": ["Мертвое море", "Чёрное море", "Каспийское море", "Красное море"],
        "correct_index": 0
    },
    {
        "question": "Что из этих животных является хищником?",
        "options": ["Кенгуру", "Кролик", "Тигр", "Слон"],
        "correct_index": 2
    },
    {
        "question": "Какая планета является второй по расстоянию от Солнца?",
        "options": ["Венера", "Земля", "Марс", "Меркурий"],
        "correct_index": 0
    },
    {
        "question": "Какая страна не имеет выхода к морю?",
        "options": ["Германия", "Польша", "Австрия", "Испания"],
        "correct_index": 2
    },
    {
        "question": "Какой элемент химической таблицы символизируется как 'O'?",
        "options": ["Азот", "Кислород", "Сера", "Фтор"],
        "correct_index": 1
    },
    {
        "question": "Какой химический элемент используется в создании электрических проводов?",
        "options": ["Золото", "Медь", "Серебро", "Свинец"],
        "correct_index": 1
    },
    {
        "question": "Какая планета называется 'красной планетой'?",
        "options": ["Юпитер", "Марс", "Венера", "Меркурий"],
        "correct_index": 1
    },
    {
        "question": "Какой из этих предметов является основным компонентом электрической проводимости?",
        "options": ["Дерево", "Металл", "Вода", "Воздух"],
        "correct_index": 1
    },
    {
        "question": "Как называется элемент, отвечающий за цвет растений?",
        "options": ["Кальций", "Магний", "Хлорофилл", "Гелий"],
        "correct_index": 2
    },
    {
        "question": "Какой химический элемент используется в производстве солнечных панелей?",
        "options": ["Силиций", "Германий", "Никель", "Цинк"],
        "correct_index": 0
    },
    {
        "question": "Какой химический элемент из этих является самым тяжелым?",
        "options": ["Уран", "Золото", "Платина", "Радий"],
        "correct_index": 3
    },
    {
        "question": "Как называется процедура, при которой растения поглощают воду и углекислый газ для роста?",
        "options": ["Фотосинтез", "Химическая реакция", "Дыхание", "Реакция горения"],
        "correct_index": 0
    },
    {
        "question": "Какая страна имеет самый высокий уровень урожайности риса?",
        "options": ["Китай", "Индия", "Таиланд", "Вьетнам"],
        "correct_index": 0
    },
    {
        "question": "Какой орган в организме человека отвечает за фильтрацию крови?",
        "options": ["Печень", "Почки", "Сердце", "Легкие"],
        "correct_index": 1
    },
    {
        "question": "Как называется научное направление, изучающее поведение людей?",
        "options": ["Психология", "Социология", "Экономика", "Физика"],
        "correct_index": 0
    },
    {
        "question": "Какая из этих планет является самой близкой к Солнцу?",
        "options": ["Меркурий", "Венера", "Земля", "Марс"],
        "correct_index": 0
    },
    {
        "question": "Какой океан является самым глубоким?",
        "options": ["Атлантический", "Индийский", "Тихий", "Северный Ледовитый"],
        "correct_index": 2
    },
    {
        "question": "Какой химический элемент используется для производства алюминиевых изделий?",
        "options": ["Железо", "Цинк", "Магний", "Алюминий"],
        "correct_index": 3
    },
    {
        "question": "Какой известный путешественник открыл Америку?",
        "options": ["Марко Поло", "Христофор Колумб", "Фернан Магеллан", "Васко да Гама"],
        "correct_index": 1
    }
]